True_Label,Predicted_Probability,Predicted_Label
1,0.9868723917475751,1
1,0.9964947098441301,1
1,0.9808165086665694,1
0,0.9115605195004116,1
1,0.8627824096487003,1
1,0.9777075048731381,1
1,0.9800020991598254,1
1,0.983733199020283,1
1,0.9347294956926414,1
1,0.847427447867514,1
1,0.9721393387027887,1
1,0.9822821089182635,1
1,0.9866059698669833,1
1,0.9802180341052779,1
1,0.9878180060648772,1
1,0.9898036121635769,1
1,0.9874506529570819,1
1,0.9381199577512185,1
1,0.9845250649959436,1
1,0.9964200503177092,1
1,0.9736345649250776,1
1,0.9404437331224484,1
1,0.9798886303839695,1
1,0.9381692087095239,1
1,0.991471467099639,1
0,0.8857363794821841,1
1,0.8681248841269749,1
1,0.9820665944499841,1
1,0.9875034191022888,1
1,0.9849061146663379,1
1,0.9764854954067377,1
1,0.9877593153953025,1
1,0.9717017455858448,1
1,0.9857350702946853,1
1,0.982185378870423,1
1,0.9342930156076115,1
1,0.974776954716809,1
1,0.9800706355638337,1
1,0.979492413551828,1
1,0.9826318702935798,1
1,0.9827064540548591,1
1,0.9817851475554606,1
1,0.8872259956693945,1
0,0.9679194732335028,1
1,0.9678266903575186,1
1,0.968924313067512,1
1,0.8838285128213557,1
1,0.9563181585059207,1
1,0.9871841249237207,1
1,0.981159890399107,1
1,0.96313562878042,1
1,0.9732695455782335,1
1,0.978352596306706,1
1,0.9611487347799513,1
1,0.9788443974490434,1
1,0.9806728581307255,1
1,0.9789932315008448,1
1,0.9734986102388941,1
1,0.9836069845920943,1
1,0.9964739768428188,1
1,0.990187246880811,1
1,0.9236696420145534,1
1,0.9828152071643295,1
1,0.9578333153269917,1
1,0.9776952500234749,1
1,0.9625010261071058,1
1,0.9840487625873141,1
1,0.9843139049125734,1
1,0.9786979137775345,1
0,0.9809193857997656,1
1,0.9714194513203026,1
1,0.978183160891145,1
1,0.9896979486731097,1
1,0.9218589299155243,1
1,0.990594484691823,1
1,0.9766878490568875,1
0,0.8792346308411142,1
1,0.9360685198943215,1
1,0.9405326540538885,1
1,0.9731897573142022,1
1,0.858188386468106,1
1,0.9787598628641667,1
1,0.9819698233073235,1
1,0.9885499247026407,1
1,0.9865953205419811,1
1,0.9854731592223578,1
1,0.9790488571169165,1
1,0.9737969659354246,1
1,0.9769784712671534,1
1,0.9900641901396802,1
1,0.9621921513700115,1
1,0.9716669122984386,1
1,0.9827922953172212,1
1,0.991471467099639,1
1,0.9822821089182635,1
1,0.9816389245571219,1
0,0.9232143966742201,1
1,0.9719084128144049,1
1,0.9437205220572917,1
1,0.9847780952293909,1
1,0.9742852931457803,1
1,0.958407025185074,1
1,0.8926504488832964,1
1,0.9364124818159469,1
1,0.987509784636008,1
1,0.9810666320772661,1
1,0.9909289091873087,1
1,0.9889437116573169,1
1,0.9679058927042793,1
1,0.9896259856340209,1
1,0.7440388314413289,1
1,0.9927243804610879,1
1,0.9706099175837671,1
1,0.9398074653406256,1
1,0.9831396344494034,1
1,0.9779920831161675,1
1,0.9705600282513287,1
1,0.9899769270507125,1
1,0.9916321299873223,1
1,0.9777970232553992,1
1,0.9704018300615482,1
1,0.8954289458881228,1
1,0.9419188610741545,1
1,0.9803445891667941,1
1,0.9847780952293909,1
1,0.9894561394039916,1
1,0.9921765287094333,1
1,0.9787598081042224,1
1,0.9903277361199098,1
1,0.9793702070235494,1
0,0.8544848954900768,1
1,0.9958754437359767,1
1,0.9842941202937502,1
1,0.9550040033823298,1
1,0.9291150016683095,1
1,0.9864002804622531,1
1,0.8947850488975736,1
1,0.9851692420720342,1
1,0.9920209610172326,1
1,0.9773721308626909,1
1,0.9954129890395103,1
0,0.9639549795406588,1
1,0.5743692757950674,1
1,0.940573661885896,1
1,0.9887996007407007,1
1,0.9864490306314327,1
1,0.9757652534543071,1
1,0.9841007512087095,1
1,0.9824068315223736,1
1,0.976677406091498,1
0,0.9778449247881673,1
1,0.9442220824931,1
1,0.9825955149857899,1
1,0.9846392115787378,1
1,0.9536744209519245,1
1,0.9173798184991452,1
1,0.9887105463743795,1
0,0.9810630658314429,1
1,0.9698066289474241,1
1,0.9538907709282003,1
1,0.9793007119295806,1
1,0.9825352526662031,1
1,0.9893072453796521,1
1,0.9913446342329881,1
1,0.9898605843532021,1
1,0.9771006664722273,1
1,0.9702219994406233,1
1,0.9877008058234099,1
1,0.9665427452986805,1
1,0.9648280208384337,1
1,0.9765792850802139,1
1,0.9806687304001653,1
1,0.9790579311368063,1
1,0.9857188210740937,1
1,0.9748355810446196,1
1,0.9838749155298647,1
1,0.9956792228057441,1
1,0.9841007512087095,1
1,0.989911621059177,1
1,0.9796928158913836,1
1,0.9890851289024184,1
1,0.9773868648492727,1
1,0.9692875837662959,1
1,0.9603202522989868,1
1,0.9508524063365134,1
1,0.9921765287094333,1
1,0.9790070533641594,1
1,0.9466090212799291,1
1,0.9922978162916942,1
1,0.981418730439091,1
1,0.9841316567778197,1
1,0.9473212381323763,1
1,0.9692421354386712,1
1,0.9817637209990537,1
1,0.9702765268267918,1
1,0.9820407793600868,1
1,0.973013907055524,1
1,0.9522615386336294,1
1,0.9847944514572808,1
1,0.9446286101025463,1
1,0.9786759856202353,1
1,0.9549665604813358,1
1,0.990594484691823,1
1,0.979847881705981,1
1,0.9036838403067807,1
1,0.9848486521870997,1
1,0.9760262534981736,1
1,0.9863498981353755,1
1,0.97714611670159,1
1,0.9900400231755266,1
1,0.9637344362471554,1
1,0.9817660986408941,1
1,0.9424752528978071,1
1,0.9862710408460593,1
1,0.9378674268418854,1
1,0.9888648084376241,1
1,0.994769878767308,1
1,0.9703265970356091,1
1,0.9883777698523956,1
1,0.9688411500396645,1
1,0.965137591158483,1
1,0.9557393661225995,1
1,0.9874079107779941,1
1,0.9897440942424055,1
1,0.9908936915544811,1
1,0.9761556965741168,1
1,0.9833854157784586,1
1,0.9679323952501777,1
1,0.9800448129401313,1
1,0.9817746309788172,1
1,0.9680389809615497,1
1,0.9764455231375209,1
1,0.969318193988762,1
1,0.9917005392005452,1
1,0.9840120576563944,1
1,0.982162698221814,1
1,0.971724758026956,1
1,0.9515869554767876,1
1,0.9675388400065345,1
1,0.9727837478395388,1
1,0.9759251771770765,1
1,0.9715208020173816,1
1,0.910558190385534,1
1,0.8852178748180318,1
1,0.9542640180561806,1
1,0.9692791536047827,1
1,0.9818943968350667,1
1,0.9796284896177113,1
1,0.9679194732335028,1
1,0.973566965717865,1
1,0.9810592338533998,1
1,0.9914563111976615,1
0,0.9581552508737103,1
1,0.9223170123798979,1
1,0.9786851524587817,1
1,0.987092911877049,1
1,0.9835741096806422,1
1,0.9864219520257934,1
1,0.9924403497584251,1
1,0.9944736769348743,1
1,0.9789932315008448,1
1,0.9922348335118563,1
1,0.9756748950447139,1
1,0.9814950217912459,1
1,0.9774035963845568,1
1,0.9903783609969804,1
1,0.990293900971017,1
1,0.9791214959395785,1
0,0.5903779626705237,1
1,0.9841108884700094,1
1,0.9843440210257932,1
1,0.988372926096661,1
1,0.9788680037178227,1
1,0.9803165621293303,1
1,0.9847009861396065,1
1,0.922048298707493,1
1,0.9876150683031777,1
1,0.7610487647604629,1
1,0.9373781495896368,1
1,0.971427243494139,1
1,0.9800024728091496,1
1,0.984977361419275,1
1,0.9651393503562451,1
1,0.9854765864521445,1
1,0.9745888373182722,1
1,0.9784538969071268,1
1,0.9799820672026653,1
1,0.9844878593502462,1
1,0.9677553775443966,1
1,0.9867177356879059,1
1,0.988039824425906,1
1,0.9850739282705097,1
1,0.9869019907523223,1
0,0.9491864170522618,1
1,0.9800951138777266,1
1,0.9900281022441558,1
1,0.983733199020283,1
1,0.9836858979350283,1
1,0.9821912625826386,1
1,0.9668990062242885,1
1,0.9808938455148545,1
1,0.9889739116234811,1
1,0.9839497792825499,1
1,0.9270979436732811,1
1,0.9790963410325989,1
0,0.9326253783594034,1
1,0.9800740446845121,1
1,0.9903628023130142,1
1,0.9864525101613496,1
1,0.9628980762567066,1
1,0.9913446342329881,1
0,0.7860481991339995,1
1,0.9822396546598269,1
1,0.9808093777309549,1
1,0.9808475391069611,1
1,0.9789342828854781,1
1,0.9849676671571967,1
1,0.9816939102928611,1
1,0.9677805500184482,1
1,0.9646503285462016,1
1,0.9824068315223736,1
1,0.9657890526675311,1
1,0.987599958829676,1
1,0.986628882866112,1
0,0.7031730914914509,1
1,0.9587514007592991,1
1,0.9821912625826386,1
1,0.9867011305581258,1
1,0.951092180089859,1
1,0.9528899671010085,1
1,0.9355746992601945,1
1,0.989911621059177,1
1,0.9207689131241645,1
1,0.9771120030035,1
0,0.9764973631997783,1
1,0.9799820672026653,1
1,0.9651003620328129,1
1,0.989911621059177,1
1,0.9407828804495384,1
1,0.9779241288189818,1
1,0.9795511901352683,1
1,0.9793860372776366,1
1,0.9861140196849663,1
1,0.9835396052792421,1
1,0.9827010419849367,1
1,0.9522598102696215,1
1,0.9804772645373272,1
1,0.9560516590901392,1
1,0.980719044229679,1
0,0.9337549457986353,1
0,0.9595277518480648,1
1,0.9857188210740937,1
1,0.965613590028337,1
1,0.9860573055563038,1
1,0.9788642018374405,1
1,0.9850536567014413,1
1,0.9908391794999192,1
1,0.9867229262805719,1
1,0.9913569474309432,1
1,0.9773991012646447,1
1,0.9654175827603954,1
1,0.9894220700333901,1
1,0.9819609188697932,1
1,0.9757215869376532,1
1,0.9578677466005301,1
1,0.9857762015749688,1
1,0.9778698316242007,1
1,0.9808816780740066,1
1,0.9855212506064684,1
1,0.9868438554603542,1
1,0.9892346611512347,1
1,0.9863894061721252,1
1,0.9882756723099141,1
1,0.94568017268213,1
1,0.9231574385826228,1
1,0.9858316452364754,1
1,0.9298271224215171,1
1,0.9801575241051775,1
1,0.9858338370602369,1
1,0.9889908896220486,1
1,0.9844722058721735,1
1,0.9642416665339729,1
1,0.9840487625873141,1
1,0.9806237476133697,1
1,0.9680041836862506,1
1,0.9852817211574915,1
0,0.9729043860354338,1
1,0.9828446945030506,1
1,0.9647726525893948,1
1,0.9665289805929936,1
1,0.9922348335118563,1
1,0.9403954142473195,1
0,0.9471604663816728,1
1,0.9825618197833829,1
1,0.9657750925838948,1
0,0.9596063189557507,1
1,0.9807804223914803,1
1,0.9865611875057512,1
1,0.9854848064818639,1
1,0.9781260064446168,1
1,0.9851876298997854,1
1,0.9792090996317137,1
1,0.9647741699057972,1
0,0.9671197218532105,1
1,0.9795860150873188,1
1,0.989911621059177,1
1,0.950535610062298,1
1,0.9880733614910892,1
1,0.9869826202858341,1
1,0.9895840323068067,1
1,0.9793291234103131,1
1,0.9818912865884692,1
1,0.9862023840206784,1
1,0.947560039714631,1
1,0.9685547185159584,1
0,0.9772545558576862,1
1,0.94839122346051,1
1,0.9902496798895545,1
1,0.9630805870141215,1
1,0.9631447161477523,1
1,0.9780873590015977,1
1,0.9752964771952862,1
1,0.9867857780841899,1
1,0.9780873590015977,1
1,0.8985849471046791,1
1,0.9713632669221391,1
1,0.9716102852776188,1
1,0.977310273148836,1
1,0.9807492756646561,1
1,0.9530467655052256,1
1,0.9732368815657269,1
1,0.9818210175662947,1
1,0.9437427191938309,1
1,0.9793601807687182,1
1,0.982490229919014,1
1,0.9312385107286575,1
1,0.976533459826227,1
1,0.9784581498997007,1
1,0.94568017268213,1
1,0.9722967319133796,1
1,0.9814826099384656,1
1,0.9569631608129825,1
0,0.9616169978497696,1
1,0.9624489479804126,1
0,0.9746211595162978,1
1,0.9544820657208494,1
1,0.8991178862592182,1
1,0.941299702421537,1
1,0.9826390940368377,1
1,0.9866597414763442,1
1,0.98207118008945,1
1,0.980125806761527,1
1,0.9947238430232151,1
1,0.9880185661300912,1
1,0.859757881469067,1
1,0.975896740373578,1
1,0.9867930998007032,1
1,0.9705892792189,1
1,0.9519640593991131,1
1,0.9920940557081274,1
1,0.9668657559909194,1
1,0.9894643003530507,1
1,0.9672807090866539,1
1,0.979282243461893,1
1,0.9659952221826655,1
1,0.9865953205419811,1
1,0.9944365558341616,1
1,0.9565197547524921,1
1,0.9752154412252299,1
0,0.976047238866908,1
0,0.9665258822327556,1
1,0.9644991276797887,1
1,0.9843139049125734,1
1,0.9815920670016297,1
1,0.9910695095310535,1
1,0.9279773455910485,1
1,0.988461140357,1
1,0.9810623400469255,1
1,0.9910695095310535,1
1,0.9914421638701976,1
1,0.9922348335118563,1
1,0.9893253091019747,1
1,0.6777024092465268,1
1,0.9916321299873223,1
1,0.9809193857997656,1
1,0.9880185661300912,1
1,0.9882125627828521,1
1,0.9784695227365536,1
1,0.9831401422912974,1
1,0.9686259847061567,1
1,0.9816980997432254,1
1,0.9814740951804275,1
1,0.9820470475293106,1
1,0.9824987234477923,1
1,0.9895840323068067,1
0,0.9673198285212448,1
1,0.9784560864080732,1
1,0.9623983422903395,1
1,0.9862023840206784,1
1,0.988156528269349,1
1,0.9862080387345236,1
1,0.9501102202262256,1
1,0.9684212026581424,1
1,0.9792842381567344,1
1,0.9163968758407166,1
1,0.9677361007936157,1
1,0.9882674334555461,1
1,0.9838082355654234,1
1,0.9895084274470649,1
1,0.9391243524148113,1
1,0.9517662196746828,1
1,0.9638916659158536,1
1,0.9518944029960424,1
1,0.9539635105116392,1
1,0.9594192824137828,1
1,0.9782292158412883,1
1,0.9796171416397401,1
1,0.934233779535061,1
1,0.975896740373578,1
1,0.9720870531327347,1
1,0.9945776872595367,1
1,0.9863064822966091,1
1,0.9213491940032427,1
1,0.9574443356476084,1
1,0.9050849990248057,1
1,0.9751633353154364,1
1,0.8577815146995224,1
1,0.9747201033091304,1
1,0.9895840323068067,1
1,0.9862900732047803,1
1,0.9772070273067448,1
1,0.9811517675739846,1
1,0.8216013438454691,1
1,0.9417833707185398,1
0,0.9836257839118564,1
1,0.9854137876878002,1
1,0.9635524440931755,1
1,0.9883557222560289,1
1,0.9864999241674908,1
1,0.9764483788730098,1
1,0.9796069037729676,1
1,0.9835525656568449,1
1,0.9834614121591296,1
1,0.9958754437359767,1
1,0.9777500322541961,1
1,0.9698118260724968,1
1,0.9834614121591296,1
1,0.954948718420613,1
1,0.9844495030702984,1
1,0.9845991934411095,1
1,0.9832502828858972,1
1,0.9780832403080884,1
1,0.9492793720807938,1
1,0.816059158839623,1
1,0.9670686131582369,1
1,0.9629990533116637,1
1,0.9759882834311087,1
1,0.9546156045628907,1
1,0.9939305222243199,1
1,0.973566965717865,1
1,0.9884892861578557,1
1,0.9635713386935782,1
1,0.9678041450261116,1
1,0.9801590296622519,1
1,0.9842959682126281,1
1,0.9779401172441012,1
1,0.9779385719497682,1
1,0.9911420484320448,1
1,0.9823053247845341,1
1,0.9815634817119759,1
1,0.9891342746981997,1
1,0.9808387313101252,1
1,0.9806298706663961,1
1,0.9672977822638016,1
1,0.9793403229498879,1
0,0.8980624802541862,1
1,0.9808755292148781,1
1,0.9895840323068067,1
1,0.9824771672785972,1
1,0.9493090972348105,1
1,0.97005182266048,1
1,0.9735230498216179,1
1,0.9897440942424055,1
1,0.9870339984650626,1
1,0.9761727720118577,1
1,0.9675284215421982,1
1,0.9830073218926539,1
1,0.9789343965889477,1
1,0.9913446342329881,1
1,0.9625554596063158,1
1,0.9474116405441728,1
1,0.9786979137775345,1
1,0.931189365268099,1
1,0.9810311430684854,1
1,0.9943770188013704,1
1,0.9829395012110066,1
1,0.965826009289522,1
1,0.8443190772575943,1
1,0.9876443556962183,1
1,0.9379539316925788,1
1,0.8558192552108633,1
1,0.983171666557581,1
1,0.9842783296685004,1
1,0.9937329031343328,1
1,0.9731101763184745,1
1,0.9799469104510107,1
1,0.9732695252349721,1
1,0.9445490102570578,1
1,0.9791911503915516,1
1,0.9798016416912116,1
1,0.9859847036293803,1
1,0.9845734064852042,1
1,0.9818752973644866,1
1,0.9765170634594811,1
1,0.9895084274470649,1
1,0.9840667322757229,1
1,0.9725492254368221,1
1,0.9647454706346408,1
1,0.981083516204487,1
0,0.9815667960353356,1
1,0.9739957004234283,1
1,0.9724815344102908,1
1,0.9895840323068067,1
1,0.991471467099639,1
1,0.989453534100111,1
1,0.9776113287817013,1
1,0.9709814038942138,1
1,0.9833724477344212,1
1,0.9908391794999192,1
1,0.9770101166847754,1
1,0.9614066234136638,1
1,0.9746211595162978,1
1,0.959707685208571,1
1,0.9811948872963144,1
1,0.9773868648492727,1
1,0.9709832732588909,1
1,0.9837453486558513,1
1,0.9050849990248057,1
1,0.9220209351337985,1
1,0.9840210311442543,1
1,0.9811491285773205,1
1,0.9874886986661174,1
1,0.9656360997833201,1
1,0.9857716979535991,1
1,0.9487946437538218,1
1,0.9841738013795642,1
0,0.9663885207391079,1
1,0.9760381241073384,1
1,0.9439080318949711,1
1,0.9817851475554606,1
1,0.9753995909421417,1
1,0.9901571777785236,1
1,0.9022568554028771,1
1,0.9956301697065946,1
1,0.9723239800689086,1
1,0.9836069845920943,1
1,0.9828376742524165,1
0,0.9327155713970465,1
1,0.9717155000883744,1
1,0.9803039822841666,1
1,0.9157971825780737,1
1,0.981173969740774,1
1,0.9862023840206784,1
1,0.9922348335118563,1
1,0.9524476031382405,1
1,0.9868386905825974,1
1,0.947560039714631,1
1,0.9882316086323958,1
1,0.9769202576978887,1
1,0.9621110313705533,1
1,0.973169439291404,1
1,0.9791148813168202,1
1,0.9587778230793937,1
1,0.9820665944499841,1
1,0.9307566012254594,1
1,0.9799820672026653,1
1,0.9872418435805241,1
1,0.9784652222381287,1
1,0.9733217259501977,1
1,0.9868946488805704,1
1,0.9700839583302693,1
1,0.9771120030035,1
1,0.982223891576546,1
1,0.987505140983518,1
1,0.9790070533641594,1
1,0.9538325967590253,1
1,0.9680793656019533,1
1,0.8890474011686855,1
1,0.902783787974149,1
1,0.9810950942475217,1
1,0.9856407367149543,1
1,0.986776105925273,1
1,0.98347657680876,1
1,0.9694628284028909,1
1,0.9809307604840187,1
1,0.976695485589291,1
1,0.9777295890487104,1
1,0.9816389245571219,1
1,0.982669166913701,1
0,0.9558734012047387,1
1,0.9804911217415742,1
1,0.9872306893013705,1
1,0.9820665944499841,1
1,0.9717017455858448,1
1,0.9907585480979845,1
1,0.9828970407880537,1
1,0.847427447867514,1
1,0.9651880618040396,1
1,0.9129578661437292,1
1,0.98502592212189,1
1,0.9608978996150535,1
1,0.9678266903575186,1
1,0.982893665781441,1
1,0.9895840323068067,1
1,0.97714611670159,1
1,0.9862316286812038,1
1,0.9800655010676216,1
1,0.9775655470437508,1
1,0.9730281528909428,1
1,0.9952298378920764,1
1,0.9835101692280166,1
1,0.9314997503261401,1
1,0.9638680639644083,1
1,0.9761822361525918,1
1,0.9924810104128283,1
1,0.7733356529877302,1
1,0.9750817662024549,1
1,0.9639350476990536,1
1,0.9873210540814256,1
1,0.9865953205419811,1
1,0.9896979486731097,1
1,0.9537660960722593,1
0,0.8632786657074228,1
0,0.9418700378933267,1
1,0.9831475244238367,1
0,0.9463144648379547,1
1,0.9688568442715395,1
1,0.9871040152614724,1
1,0.9563234927793854,1
1,0.8965058531355153,1
1,0.9889739116234811,1
1,0.9765091812916478,1
1,0.9916921948010302,1
1,0.9816984198317767,1
1,0.9872306893013705,1
1,0.9722488431491237,1
1,0.9748240740403524,1
1,0.9820665944499841,1
1,0.9918212905486752,1
1,0.9974441122188605,1
1,0.950091918023579,1
1,0.9769858768259723,1
1,0.9808271677601978,1
1,0.9644988222173536,1
1,0.9808755292148781,1
1,0.9916321299873223,1
1,0.9869206095927068,1
1,0.9411679294892649,1
1,0.8528944979717802,1
1,0.9555955946440814,1
1,0.9720870531327347,1
1,0.991471467099639,1
1,0.9676330592571137,1
1,0.991471467099639,1
1,0.9475265291523514,1
1,0.9741700183699286,1
1,0.972835886298991,1
1,0.9954175882741455,1
1,0.9538242173737956,1
1,0.9751956796695067,1
0,0.9542170179263867,1
1,0.9895840323068067,1
1,0.9407566220471827,1
1,0.9672635573588789,1
1,0.9866059698669833,1
1,0.9801590296622519,1
1,0.9801667286385952,1
1,0.9858284938189763,1
1,0.9575480849593261,1
1,0.9815695900482758,1
1,0.9913446342329881,1
1,0.9773991012646447,1
1,0.9656849124404359,1
1,0.9761546581496592,1
1,0.973013907055524,1
1,0.9890726744447923,1
1,0.9518598904821124,1
1,0.9895840323068067,1
1,0.9708645716137753,1
1,0.9628980762567066,1
1,0.9756858466345655,1
1,0.9727875272913948,1
1,0.9866441968361294,1
1,0.9883557222560289,1
1,0.9763801027332348,1
1,0.934566533539677,1
1,0.9380313099602127,1
1,0.991216666555729,1
1,0.9821126954315712,1
1,0.980637652052827,1
1,0.9707717439521079,1
1,0.9822313894693976,1
1,0.9831432136720895,1
1,0.98970363526508,1
1,0.9715714922485823,1
1,0.942189017041394,1
1,0.9867011305581258,1
1,0.9772145588125425,1
1,0.9879992534134523,1
1,0.9876150683031777,1
1,0.9847177503295375,1
1,0.9799774948479951,1
1,0.6862513737656005,1
1,0.972108389892036,1
1,0.9779173428956939,1
1,0.9811815497699062,1
1,0.9850951112178342,1
1,0.9867502629463243,1
1,0.9903628023130142,1
1,0.9490448413312431,1
1,0.9956001322418672,1
1,0.9824588492323238,1
1,0.9926082183044288,1
1,0.9795891591070771,1
1,0.9903480760331044,1
1,0.9803297024675075,1
1,0.9636836332409041,1
1,0.9820230310982468,1
1,0.9863883643811066,1
1,0.9752866432303595,1
1,0.9776113287817013,1
1,0.9830495216418137,1
1,0.9859841031793569,1
1,0.9895840323068067,1
1,0.9867650838906247,1
1,0.9742898454179296,1
1,0.9920209610172326,1
1,0.5078360863414147,1
1,0.9776488394800843,1
1,0.9167924664154689,1
1,0.9581137201368978,1
1,0.9644509672694483,1
1,0.860076673499351,1
1,0.9871378010100003,1
1,0.9901738640766137,1
1,0.94568017268213,1
1,0.9750537792009792,1
1,0.9851756836028506,1
1,0.9701956358391912,1
1,0.9938253687295312,1
1,0.9836257839118564,1
1,0.9774655131705792,1
1,0.9686162946672267,1
1,0.9495336866226464,1
1,0.9754949864665265,1
1,0.9796295061162684,1
1,0.982216333564994,1
1,0.9592818309700456,1
0,0.9711926419635936,1
1,0.9372438698978667,1
1,0.9740238227213007,1
1,0.9763348049930544,1
1,0.9791129222187422,1
1,0.9759978311318913,1
1,0.9386813266226584,1
1,0.9752809885966633,1
1,0.966597756410549,1
1,0.9485657834460609,1
1,0.9821357051125408,1
1,0.972934432878291,1
1,0.9835525656568449,1
1,0.9139531641589427,1
1,0.8103804384173396,1
1,0.9922348335118563,1
1,0.9870227907930799,1
1,0.9670987037773809,1
1,0.9698154718109464,1
0,0.9485497198292516,1
1,0.9792290051001639,1
1,0.9817314523771978,1
1,0.9119531337318695,1
1,0.9851879969572446,1
1,0.9776113287817013,1
1,0.9830495216418137,1
1,0.9886426886412535,1
0,0.953817927984503,1
1,0.9786851524587817,1
1,0.9806367978723253,1
1,0.9849687435829736,1
1,0.9516442374043921,1
1,0.9640914327832397,1
1,0.9888027432528083,1
0,0.977691472884277,1
1,0.9593940714033135,1
1,0.9956001322418672,1
1,0.9893540965053553,1
1,0.956094714179855,1
0,0.9590465712337968,1
1,0.9845765637856644,1
1,0.9811860236221205,1
1,0.9542557837681339,1
1,0.9913446342329881,1
1,0.9512740500664734,1
1,0.9776437636313758,1
1,0.989071335966895,1
0,0.9710760905513935,1
1,0.9780612559667752,1
1,0.9680500896637598,1
1,0.9396048139654772,1
1,0.9501975352209611,1
1,0.9194254494489469,1
1,0.9882017960998766,1
1,0.9825986702663867,1
1,0.9837453486558513,1
1,0.9861223362919462,1
1,0.9858284938189763,1
1,0.9764357701885632,1
1,0.9797378390905439,1
1,0.9675181011627335,1
1,0.9876063491432052,1
1,0.9444100655253453,1
1,0.9658228903419142,1
1,0.9808398355365459,1
1,0.9811504378539055,1
1,0.9919776175439007,1
1,0.9580440211403689,1
1,0.8556357718026503,1
1,0.9868438554603542,1
1,0.9708273254998084,1
1,0.9785931646585615,1
1,0.9537412305365016,1
1,0.9575187005283675,1
1,0.9761620546926744,1
1,0.9104858610826203,1
1,0.9684212026581424,1
1,0.9778698316242007,1
1,0.9818012139111074,1
1,0.9572777754688983,1
1,0.9764542065203243,1
1,0.954796948113383,1
1,0.9777500322541961,1
1,0.9848422084756047,1
1,0.9229921537980268,1
1,0.8913913844952526,1
1,0.9397267897447885,1
1,0.9914148096728154,1
1,0.9766574300248149,1
1,0.972108389892036,1
1,0.9955341123550708,1
1,0.9812376101696638,1
1,0.9659434845862931,1
1,0.966595497417331,1
1,0.9456541093263788,1
0,0.8894457900806286,1
1,0.9862316286812038,1
1,0.7283419278308692,1
1,0.9765792850802139,1
1,0.9638787569708116,1
0,0.9665427452986805,1
1,0.9829115051991657,1
1,0.9491235868900121,1
1,0.9889398122018114,1
1,0.9855581317528219,1
1,0.9761243449735122,1
1,0.9845317600776711,1
0,0.9773015077788375,1
1,0.9788432055028616,1
1,0.9816573514630375,1
1,0.9362574563051392,1
1,0.9435948471665055,1
1,0.989654818066111,1
0,0.8974622898386323,1
1,0.9793601807687182,1
1,0.9650157062065646,1
1,0.9968194037062709,1
1,0.9680162925424517,1
1,0.9894643003530507,1
1,0.9974441122188605,1
1,0.9553416602848983,1
1,0.9784706488326969,1
1,0.9647210064686977,1
1,0.9744537528009899,1
1,0.9883418659664222,1
1,0.9773991012646447,1
1,0.9828392924659721,1
1,0.9879672219387985,1
1,0.9756612315525471,1
1,0.9849878315133155,1
1,0.9167514792622334,1
0,0.9160700871855545,1
1,0.9666972580930677,1
1,0.9638291991081475,1
1,0.9808517984535574,1
1,0.970228375989128,1
1,0.9821375440507615,1
1,0.8715394516155927,1
1,0.9772070273067448,1
1,0.9826307912908355,1
1,0.982169360830736,1
1,0.9822442323125549,1
1,0.9899570798688493,1
1,0.9864290454393181,1
1,0.97744806507352,1
1,0.7440043897378789,1
1,0.9606213428355628,1
1,0.9765792850802139,1
1,0.9837580274211184,1
1,0.9805316858896757,1
1,0.963185103347381,1
1,0.975070502201997,1
1,0.9761076366510801,1
0,0.9826776935054642,1
1,0.98502592212189,1
1,0.9417264645827701,1
1,0.9961722282227911,1
0,0.9199016382833475,1
1,0.9660416213401913,1
0,0.938248052396044,1
1,0.9839660469373448,1
1,0.9307688703993817,1
1,0.9790070533641594,1
1,0.9735156851237735,1
1,0.996164787110206,1
1,0.9596519877156573,1
1,0.9900450179201237,1
1,0.9941521758817968,1
1,0.9878180060648772,1
1,0.9820884256670911,1
1,0.9480272819821297,1
1,0.981173969740774,1
1,0.9835101692280166,1
1,0.9860786390221138,1
1,0.9823469969732648,1
1,0.9857154710079564,1
1,0.9581803087809898,1
1,0.9946816618386533,1
1,0.8926504488832964,1
1,0.9772070273067448,1
1,0.9836257520063938,1
1,0.8626937513173469,1
1,0.9875123499124424,1
1,0.8404344221174068,1
1,0.43669433339269637,0
1,0.9886490864011062,1
1,0.9938253687295312,1
1,0.9867011305581258,1
1,0.9918486323470671,1
1,0.9830417990954915,1
1,0.9712338389974078,1
1,0.9646503285462016,1
1,0.9772724132589329,1
1,0.9720564692911228,1
1,0.9737157342293377,1
1,0.8791852845748476,1
1,0.9886426886412535,1
1,0.9776486617390175,1
1,0.9843557304804099,1
1,0.9922348335118563,1
1,0.9673154386047045,1
1,0.9817937333516765,1
1,0.9888592628160079,1
1,0.9822624756698529,1
1,0.9951682844085632,1
1,0.9374392895800702,1
1,0.9830417990954915,1
1,0.9734248916940871,1
0,0.9715693182413956,1
1,0.9792951209637666,1
1,0.9808093777309549,1
1,0.9836641518424061,1
1,0.9773359682188318,1
1,0.9865953205419811,1
1,0.918085626454027,1
1,0.8496613532699777,1
1,0.9876325231098797,1
1,0.9506015500829011,1
1,0.9193112166815223,1
1,0.9953623661422539,1
1,0.9740697549553103,1
1,0.9875822848932594,1
1,0.9802598620872789,1
1,0.9872435390996275,1
1,0.9670629703085717,1
1,0.8111498896990732,1
1,0.988168038067624,1
1,0.9841183374124407,1
1,0.9633914741604483,1
1,0.9623377428371964,1
1,0.9968194037062709,1
1,0.9865912476438651,1
1,0.984280237485055,1
1,0.9961722282227911,1
1,0.9788781092249446,1
1,0.9380210273995258,1
1,0.991471467099639,1
1,0.9902116670562638,1
1,0.9897440942424055,1
1,0.9779173428956939,1
1,0.9498270686579652,1
1,0.9864525101613496,1
1,0.9815607688454259,1
1,0.9523568238380092,1
0,0.9631447161477523,1
1,0.9873210540814256,1
1,0.988920215309325,1
1,0.9690352814261582,1
1,0.9815207492847488,1
1,0.9386813266226584,1
1,0.9695164568341268,1
1,0.9795145052350621,1
1,0.9903446757291967,1
1,0.9787770611760541,1
1,0.953576157903187,1
1,0.971883228158549,1
1,0.98502592212189,1
1,0.9872451851383928,1
1,0.9144431284693063,1
1,0.9724833461135198,1
1,0.9563234927793854,1
1,0.9953111098027282,1
1,0.9748516616122922,1
0,0.9827982044767478,1
1,0.7440388314413289,1
1,0.9477215163576761,1
1,0.9968682416057761,1
1,0.9822555528780227,1
1,0.9547759498682337,1
1,0.9828392924659721,1
1,0.9752964771952862,1
1,0.9744040242457669,1
1,0.939775745306678,1
1,0.9798016416912116,1
0,0.9768354552499331,1
1,0.9891635210153172,1
0,0.9676222256490062,1
1,0.9822261611911972,1
1,0.9935066488412096,1
1,0.982217946830689,1
1,0.9493460034166324,1
1,0.974111639771867,1
1,0.9752964771952862,1
1,0.9631246015217486,1
1,0.9807724546686893,1
1,0.9887501655889733,1
1,0.9135486901381401,1
1,0.989496555582733,1
1,0.978326406358983,1
1,0.9796562948831611,1
1,0.9956792228057441,1
1,0.979872368915383,1
0,0.8288559126680717,1
1,0.9823428486577801,1
1,0.960932131830634,1
1,0.9845991934411095,1
1,0.9850240336892362,1
1,0.9733655079081024,1
1,0.9822821089182635,1
1,0.9843473028186379,1
1,0.9797437501065764,1
1,0.9864002804622531,1
1,0.971883228158549,1
1,0.9225352541613288,1
1,0.9742852931457803,1
1,0.9782499983400886,1
1,0.9846631466448076,1
1,0.9822851052109904,1
1,0.9699636883088509,1
1,0.9392292458755646,1
1,0.9728947825971926,1
1,0.7522339245377327,1
1,0.9907007437290325,1
1,0.987315594164398,1
1,0.990594484691823,1
0,0.6597497613802388,1
1,0.952596116725548,1
1,0.9553250204161757,1
1,0.9922348335118563,1
1,0.9756311159562682,1
1,0.9506619923811479,1
1,0.9851210998210181,1
1,0.9757510768143611,1
1,0.9897440942424055,1
1,0.9656813003469569,1
1,0.8877681222730103,1
1,0.9758669494229357,1
1,0.9737541979901598,1
1,0.9868723917475751,1
1,0.9808160695155476,1
1,0.9784347411900591,1
1,0.9891290024484205,1
1,0.9666972580930677,1
1,0.9705686330532944,1
1,0.9376827388144231,1
1,0.9919776175439007,1
1,0.9220209351337985,1
1,0.998662474617332,1
1,0.9836877134831576,1
1,0.9614615026186135,1
1,0.9728018843320761,1
1,0.9775655470437508,1
1,0.985873418354899,1
1,0.9804290051869259,1
1,0.991471467099639,1
1,0.9822261611911972,1
1,0.9848026788960424,1
1,0.7008447199180717,1
1,0.96886330213837,1
1,0.989071335966895,1
1,0.9811191165912213,1
1,0.9916447330967335,1
1,0.9802517812975838,1
1,0.9864002804622531,1
1,0.9711679991145142,1
1,0.9727875272913948,1
1,0.9558458844328652,1
1,0.9909441816461686,1
1,0.9808093777309549,1
1,0.9930222659081207,1
1,0.977715698483848,1
1,0.9758724871363484,1
1,0.9634040090353211,1
1,0.9838801687625027,1
1,0.9751956796695067,1
1,0.9825897405428592,1
1,0.7560946933404828,1
1,0.9780612559667752,1
1,0.9891290024484205,1
1,0.9824980418620616,1
1,0.9865953205419811,1
1,0.9396048139654772,1
1,0.9761546581496592,1
1,0.9341889078250528,1
1,0.9873531824136002,1
1,0.9777500322541961,1
1,0.9067173938356592,1
1,0.9895840323068067,1
1,0.9867011305581258,1
1,0.9918212905486752,1
1,0.9924034838622496,1
1,0.9863320247081485,1
1,0.9877424861765789,1
1,0.9843548227170293,1
1,0.9573553448022675,1
1,0.9819609188697932,1
1,0.9630285497085619,1
1,0.9513487266342199,1
1,0.9968682416057761,1
1,0.874899117790604,1
1,0.9639569548565194,1
1,0.9768271358852282,1
1,0.9634060880886197,1
1,0.972939600609154,1
1,0.9920209610172326,1
1,0.9748806123501674,1
1,0.9583405886007295,1
1,0.9895840323068067,1
1,0.9816389245571219,1
1,0.9858146434977028,1
1,0.919641650538626,1
1,0.9834814987311244,1
1,0.9433064135300274,1
1,0.996283435396584,1
1,0.8075515908989581,1
1,0.9852759537674686,1
1,0.9662502834620272,1
1,0.9820270976392294,1
1,0.9477525308315744,1
1,0.929899300914973,1
1,0.9898036121635769,1
1,0.9817851475554606,1
1,0.9518598904821124,1
1,0.9818605099252379,1
1,0.9620027401317557,1
1,0.9759359918879504,1
1,0.34060832743820596,0
1,0.96886330213837,1
1,0.9725492254368221,1
0,0.9760031926143882,1
1,0.9929864918268666,1
1,0.9913628889180747,1
1,0.9844847364225092,1
1,0.9480622396378153,1
1,0.989164710442913,1
1,0.9897744527984511,1
1,0.9872451851383928,1
1,0.9867011305581258,1
1,0.9737115683580965,1
1,0.937867407211852,1
1,0.9630365410741224,1
1,0.9820665944499841,1
1,0.9810666320772661,1
1,0.9752964771952862,1
1,0.9754401424471343,1
1,0.9882231459187178,1
1,0.9867440644903281,1
1,0.9810178136520625,1
1,0.9627384467517588,1
1,0.9545223507707175,1
1,0.9040165069624994,1
1,0.9874678626772861,1
0,0.9394543865968035,1
1,0.9758342809590381,1
1,0.9686347085879414,1
1,0.9850536567014413,1
1,0.9723409494892435,1
1,0.9553416602848983,1
1,0.9809618790336259,1
1,0.9827181947270646,1
0,0.9411679294892649,1
1,0.9865723030440994,1
1,0.9841738013795642,1
1,0.9760365644511865,1
1,0.9840741581242142,1
1,0.9815912333212582,1
1,0.9798420332757032,1
1,0.9519339317992315,1
1,0.9201233991395549,1
1,0.9515289729567558,1
1,0.9775236594555953,1
1,0.9169628650988525,1
0,0.6777024092465268,1
1,0.9725734636630899,1
1,0.9695755631582689,1
1,0.970228375989128,1
1,0.987092911877049,1
1,0.98502592212189,1
1,0.9801590296622519,1
0,0.859800187020501,1
1,0.9775189214845716,1
1,0.9808271677601978,1
1,0.9814984837789166,1
1,0.9733557330437462,1
1,0.9845734064852042,1
1,0.9625672229147133,1
1,0.9822821089182635,1
1,0.9814583742505664,1
0,0.874899117790604,1
1,0.9968194037062709,1
1,0.991471467099639,1
1,0.9944365558341616,1
1,0.9857350702946853,1
1,0.9786851524587817,1
1,0.9808904986093026,1
1,0.9872663063468375,1
1,0.9748760047262235,1
1,0.9797919303731817,1
1,0.9590806878983063,1
1,0.98502592212189,1
1,0.9788159152521136,1
1,0.9965137527572727,1
1,0.9846841314844751,1
1,0.970708836181805,1
1,0.963686862552225,1
1,0.9810042565708951,1
1,0.9834003317050258,1
1,0.9908391794999192,1
1,0.9823792938986167,1
1,0.9336278157055135,1
1,0.9252233500297483,1
1,0.9811291474815402,1
1,0.9001309497153546,1
1,0.9684373564562584,1
1,0.9674138163616104,1
1,0.9838749155298647,1
1,0.8932869816282322,1
1,0.9589531362976706,1
1,0.9837257927167908,1
1,0.9645152263568677,1
1,0.992499702067865,1
1,0.9799774948479951,1
1,0.9832598271269672,1
1,0.9577943692946426,1
1,0.9905668344387935,1
1,0.9851876298997854,1
1,0.9808271677601978,1
1,0.990594484691823,1
1,0.9669935182404557,1
1,0.9832436462651747,1
1,0.9496841851447806,1
1,0.9848280723980493,1
1,0.981173969740774,1
1,0.9800680316619734,1
1,0.8884813148576471,1
1,0.9869884129925236,1
1,0.9576375289719254,1
1,0.9567684443566731,1
1,0.9820307641454673,1
1,0.9362574563051392,1
1,0.98502592212189,1
1,0.8483729826530662,1
1,0.9895840323068067,1
1,0.9846057747966934,1
1,0.9794437985002581,1
1,0.9659114158342997,1
1,0.8926356173096412,1
0,0.7214192425955251,1
1,0.9895840323068067,1
1,0.979055555279948,1
1,0.9403863525569537,1
1,0.9750036586371398,1
1,0.9075391849216681,1
1,0.9865410229326909,1
1,0.859757881469067,1
1,0.9898953217528557,1
1,0.9897171051488906,1
1,0.9749895400171232,1
1,0.9651635956798748,1
1,0.9501102202262256,1
1,0.9882125627828521,1
1,0.9841046005483398,1
1,0.9767897451733787,1
1,0.9799794046045825,1
1,0.988118450907043,1
1,0.9833864806043559,1
1,0.965985378142353,1
1,0.9811948872963144,1
1,0.9131683914331643,1
1,0.971141017397961,1
1,0.9868948843948047,1
1,0.98502592212189,1
1,0.9776113287817013,1
1,0.9770804990220011,1
1,0.9775003128691335,1
1,0.9830551746191581,1
1,0.9895840323068067,1
1,0.9847177503295375,1
1,0.939186924938322,1
1,0.8887396811054563,1
1,0.9867011305581258,1
1,0.9425316832987319,1
1,0.9231346164368488,1
1,0.9814742536720348,1
1,0.9920209610172326,1
1,0.9884087294757761,1
1,0.9716091275107306,1
1,0.9354399290166395,1
1,0.9817953526789985,1
0,0.8386603701595813,1
1,0.9808093777309549,1
1,0.9822821089182635,1
1,0.9801575241051775,1
1,0.9906922385096943,1
1,0.9695136068009346,1
1,0.9745204455578654,1
1,0.9570722791853978,1
1,0.9850240336892362,1
1,0.9917006859187515,1
1,0.9841762702924264,1
1,0.9968194037062709,1
1,0.9792131330762137,1
1,0.9888875576835657,1
1,0.9851756836028506,1
1,0.9598890884826635,1
1,0.9797378390905439,1
1,0.9266520748332938,1
1,0.9918691735521179,1
1,0.9785898988868362,1
1,0.9626554604577838,1
1,0.9928676698999216,1
1,0.9828947788992509,1
1,0.9895840323068067,1
1,0.9867229262805719,1
1,0.9820665944499841,1
1,0.9642636976253083,1
1,0.9380313099602127,1
1,0.9596195552604773,1
1,0.9867716398470108,1
1,0.9490446827131588,1
1,0.9259031859840815,1
1,0.9729693791945635,1
1,0.9878561191890566,1
1,0.9869608852646319,1
1,0.9825484067688375,1
0,0.976443962151736,1
1,0.9846841314844751,1
1,0.9527174707570709,1
1,0.9896559169195157,1
1,0.9827475242881415,1
1,0.994769878767308,1
1,0.991471467099639,1
1,0.9832502828858972,1
1,0.9831802728532163,1
1,0.991471467099639,1
1,0.9857188210740937,1
0,0.970228375989128,1
1,0.9833854157784586,1
1,0.9752964771952862,1
1,0.9913446342329881,1
1,0.9889739116234811,1
1,0.9865953205419811,1
1,0.9563947006541124,1
1,0.9734395636566403,1
1,0.9656345414969348,1
1,0.9861149977105,1
1,0.9862023840206784,1
1,0.9837802614216714,1
1,0.981173969740774,1
1,0.9874710455739472,1
1,0.9607606567217875,1
1,0.9684009931303815,1
1,0.9897439815942519,1
1,0.9339883396572336,1
1,0.9861512819743797,1
1,0.9793144011628544,1
1,0.9815365120374517,1
1,0.9672210290200896,1
1,0.9866521923127566,1
1,0.9983328042876617,1
1,0.977103070943562,1
1,0.9885078795147361,1
1,0.9714730381082447,1
1,0.9618136669024986,1
1,0.981069483939773,1
1,0.9951498287289202,1
1,0.9869009328637246,1
0,0.9806178715004069,1
1,0.9916321299873223,1
1,0.9872742635870303,1
1,0.9622865845114865,1
1,0.9784837160287652,1
1,0.9643216906709837,1
1,0.9827922953172212,1
1,0.9908242141260801,1
0,0.9643002946818013,1
1,0.9891290024484205,1
1,0.9624329211413509,1
1,0.9742092075866438,1
1,0.9883418659664222,1
1,0.9749895400171232,1
1,0.9631346414075773,1
1,0.9903761558073129,1
0,0.9638131411106786,1
1,0.9822821089182635,1
1,0.910417300902185,1
1,0.9892806537909555,1
1,0.9772333074147815,1
1,0.9813913643762211,1
1,0.9862023840206784,1
1,0.9820146728450645,1
1,0.8731199050427666,1
1,0.9895026090257866,1
1,0.25534539153656793,0
1,0.9786180294182008,1
0,0.8627824096487003,1
1,0.971562681190208,1
1,0.984846717963613,1
1,0.9793403229498879,1
1,0.9824125694927861,1
1,0.9912281146049434,1
1,0.9439311354425641,1
1,0.9771409659110654,1
1,0.9698615624179845,1
1,0.9771223797500173,1
1,0.9912804980802054,1
1,0.9847464781951685,1
1,0.8993998064037312,1
1,0.9755684904127914,1
1,0.9590271023510791,1
1,0.9662502834620272,1
1,0.9689499657252739,1
1,0.9726092315694187,1
1,0.9545188475185907,1
1,0.989294028508418,1
1,0.9802874493253086,1
1,0.9725734636630899,1
1,0.9849878315133155,1
1,0.9862316286812038,1
1,0.9684154880619666,1
1,0.9849725182410293,1
1,0.9808724760231096,1
1,0.9933364804605402,1
1,0.9787521830121864,1
1,0.9943787123526614,1
1,0.9815927890882371,1
1,0.9082800182781474,1
1,0.9740132944901495,1
1,0.988156528269349,1
1,0.8640337238743336,1
1,0.9876424716363494,1
1,0.9776113287817013,1
1,0.9548241970628719,1
1,0.9810696545296355,1
1,0.9970887824805676,1
1,0.991471467099639,1
1,0.9752893687552957,1
1,0.9850739282705097,1
1,0.9894220700333901,1
1,0.9912696542609467,1
